index,id,Full Name,year of birth,Gender,Zip Code
0,1,Robert Stanley,1974,M,85711
1,2,Heather Bossey,1945,F,94043
2,3,Don Davis,1975,M,32067
3,4,Daniel Mccauley,1974,M,43537
4,5,Janice Mccullough,1965,F,15213
5,6,Donald Lampley,1956,M,98101
6,7,Robert Chase,1941,M,91344
7,8,Frank Trivino,1962,M,05201
8,9,Grover Elzey,1969,M,01002
9,10,Joshua Reynolds,1945,M,90703
10,11,Wilma Fisher,1959,F,30329
11,12,Lea Cascio,1970,F,06405
12,13,Clinton Graham,1951,M,29206
13,14,Christopher Fairey,1953,M,55106
14,15,Esther White,1949,F,97301
15,16,Matthew Brentley,1977,M,10309
16,17,Bryan Cloutier,1968,M,06355
17,18,Anne Edie,1963,F,37212
18,19,Louis Swanger,1958,M,02138
19,20,Rita Gilford,1956,F,95660
20,21,Ervin Martin,1972,M,30068
21,22,Steven Mcclellan,1973,M,40206
22,23,Betty Sanchez,1968,F,48197
23,24,Doris Gresham,1977,F,94533
24,25,Scott Southerland,1959,M,55107
25,26,Tristan Dwyer,1949,M,21044
26,27,Charlotte Smith,1958,F,30030
27,28,Wayne Patterson,1966,M,55369
28,29,David Tapp,1957,M,94043
29,30,Andrew Roberts,1991,M,55436
30,31,Maurice Yundt,1974,M,10003
31,32,Stacey Sisk,1970,F,78741
32,33,Clarence Wetherell,1975,M,27510
33,34,Adelia Roth,1960,F,42141
34,35,Ester West,1978,F,42459
35,36,Maria Kaplan,1979,F,93117
36,37,Harold Shipley,1975,M,55105
37,38,Lucille Bussell,1970,F,54467
38,39,Timothy Naranjo,1957,M,01040
39,40,Chadwick Emerson,1960,M,27514
40,41,Steven Torres,1965,M,80525
41,42,Wilburn Evans,1968,M,17870
42,43,Lucille Mendoza,1969,F,20854
43,44,James Davis,1972,M,46260
44,45,Sammie Dang,1969,M,50233
45,46,Sondra Helbig,1971,F,46538
46,47,Howard Wisniewski,1945,M,07102
47,48,John Rehrig,1953,M,12550
48,49,Mary Henderson,1975,F,76111
49,50,Patrick Francis,1977,M,52245
50,51,Victor Keeley,1970,M,16509
51,52,Leona Otero,1980,F,55105
52,53,Doyle King,1972,M,55414
53,54,Robert Johnson,1976,M,66315
54,55,Agustin Jones,1961,M,01331
55,56,Patrick Miller,1973,M,46260
56,57,Bradford Calumag,1982,M,84010
57,58,Grady Cavanagh,1971,M,52246
58,59,Allen Wilson,1949,M,08403
59,60,Alex Mcmichael,1948,M,06472
60,61,John Durbin,1962,M,30040
61,62,Margaret Pena,1971,F,97214
62,63,Angelo Rasmussen,1967,M,75240
63,64,Zachary Bell,1966,M,43202
64,65,Sherry Swanson,1947,F,48118
65,66,William Robson,1975,M,80521
66,67,Neal Hutchins,1981,M,60402
67,68,James Smittle,1979,M,22904
68,69,Mitchell Mckinney,1974,M,55337
69,70,Tom Porter,1971,M,60067
70,71,Kevin Nolan,1959,M,98034
71,72,Michelle Mccard,1950,F,73034
72,73,Bradley Blackwell,1974,M,41850
73,74,Doug Rottenberg,1959,M,T8H1N
74,75,Michael Hoover,1974,M,08816
75,76,Edward Farrior,1978,M,02215
76,77,Steven Stockton,1968,M,29379
77,78,Kenneth Elliott,1972,M,61801
78,79,Michelle Faulkner,1959,F,03755
79,80,Lisa Avila,1964,F,52241
80,81,Gerald Crose,1977,M,21218
81,82,Ruben Dickson,1948,M,22902
82,83,Ignacio Garcia,1958,M,44133
83,84,Victor Thomas,1966,M,55369
84,85,Angel Brunson,1947,M,20003
85,86,William Tackett,1972,M,46005
86,87,Clyde Gillette,1951,M,89503
87,88,Genevieve Perryman,1949,F,11701
88,89,Michelle Henry,1955,F,68106
89,90,Joe Riegel,1938,M,78155
90,91,Kenneth Sliva,1943,M,01913
91,92,Terry Armstrong,1966,M,80525
92,93,Jeffrey Sheets,1950,M,23112
93,94,Jeremy Gibson,1972,M,71457
94,95,Christopher Parker,1967,M,10707
95,96,Carole Greaves,1973,F,75206
96,97,Leon Perry,1955,M,98006
97,98,Marla Amsterdam,1949,F,90291
98,99,Edward Byrd,1978,M,63129
99,100,Antonio Mcmillian,1962,M,90254
100,101,William Childers,1983,M,05146
101,102,Samuel Mittlestadt,1960,M,30220
102,103,Lynn Mickel,1972,M,55108
103,104,Reginald Locklear,1971,M,55108
104,105,Darryl Lewis,1974,M,94043
105,106,Norman Lange,1937,M,55125
106,107,Bobby Schluter,1959,M,60466
107,108,Alfred Pridgen,1954,M,63130
108,109,Christopher Perdue,1969,M,55423
109,110,Larry Napoli,1979,M,77840
110,111,Frank Campbell,1941,M,90630
111,112,Paul Lonergan,1968,M,60613
112,113,Albert Key,1951,M,95032
113,114,Ward Farris,1971,M,75013
114,115,Richard Robinson,1967,M,17110
115,116,Mark Tristan,1958,M,97232
116,117,Roger Bewick,1978,M,16125
117,118,Michael Vegetabile,1977,M,90210
118,119,Jim Bennett,1966,M,67401
119,120,Sophia Mitchell,1951,F,06260
120,121,Manuel Robinson,1944,M,99603
121,122,Gail Clark,1966,F,22206
122,123,Myrna Baker,1950,F,20008
123,124,Jason Greene,1964,M,60615
124,125,Charlie Bradley,1968,M,22202
125,126,Jennifer Becerra,1970,F,20015
126,127,Willis Jochum,1965,M,73439
127,128,Doris Leung,1974,F,20009
128,129,Martha Paulson,1962,F,07039
129,130,Luis Lineberger,1978,M,60115
130,131,Ruby Ceballos,1939,F,15237
131,132,Monte Player,1974,M,94612
132,133,Bernard Clemon,1945,M,78602
133,134,Al Phillips,1967,M,80236
134,135,Martin Shelton,1975,M,38401
135,136,Carlos Speigel,1947,M,97365
136,137,Alan Sifuentes,1948,M,84408
137,138,Michael Stanley,1952,M,53211
138,139,Tyler Inman,1978,M,08904
139,140,Melissa Macias,1968,F,32250
140,141,Marvin Felts,1949,M,36117
141,142,Dave Tanner,1985,M,48118
142,143,Joshua Baum,1956,M,08832
143,144,Harry Hearn,1945,M,20910
144,145,Michael Tshudy,1967,M,V3N4P
145,146,Eugene Sutton,1953,M,83814
146,147,Nicole Drake,1958,F,02143
147,148,Jacob Edwards,1965,M,97006
148,149,Cecelia Cobbley,1963,F,17325
149,150,Joyce Randle,1978,F,02139
150,151,Johnnie Scott,1960,F,48103
151,152,Teresa Brice,1965,F,68767
152,153,Robert Southwick,1973,M,60641
153,154,Gerald Whitten,1973,M,53703
154,155,Erline Miller,1966,F,11217
155,156,Michael Gallardo,1973,M,08360
156,157,Matthew Weese,1941,M,70808
157,158,Thomas Thomas,1948,M,27606
158,159,Fae Rodriguez,1975,F,55346
159,160,Randy Mix,1971,M,66215
160,161,Henry Stringfellow,1948,M,55104
161,162,Thomas Harlin,1973,M,15610
162,163,David Hearn,1949,M,97212
163,164,Allen Iezzi,1951,M,80123
164,165,Brittany Mcgehee,1978,F,53715
165,166,Marlin Narvaez,1951,M,55113
166,167,Randall Brown,1961,M,L9G2B
167,168,Charles Oden,1950,M,80127
168,169,Essie Williams,1946,F,53705
169,170,Anna Keifer,1945,F,30067
170,171,Mary Stephens,1950,F,78750
171,172,Robert Santiago,1943,M,22207
172,173,Raymond Rhyne,1942,M,22306
173,174,Joann Kirkman,1968,F,52302
174,175,Marge Copeland,1972,F,21911
175,176,Clarence Hamilton,1970,M,07030
176,177,Robert Thomas,1978,M,19104
177,178,John Broadnax,1972,M,49512
178,179,Jason Kovacs,1983,M,20755
179,180,Nicole Loomis,1976,F,60202
180,181,Ricardo Carrillo,1972,M,21218
181,182,Samuel Mercado,1962,M,33884
182,183,Robert Long,1965,M,27708
183,184,Bobby Miller,1961,M,76013
184,185,Laura Smith,1945,F,97403
185,186,Sophie Marsh,1959,F,00000
186,187,Robert Vrbka,1972,M,16801
187,188,Samuel Hansen,1956,M,29440
188,189,David Pfeiffer,1966,M,95014
189,190,William Williams,1968,M,95938
190,191,Antonio Aune,1965,M,95161
191,192,Fred Ford,1956,M,90840
192,193,Jeremy Weafer,1969,M,49931
193,194,William Page,1960,M,02154
194,195,Curt Cashdollar,1956,M,93555
195,196,Ronald Ramey,1949,M,55105
196,197,Arthur Osman,1943,M,75094
197,198,Janice Dage,1977,F,55414
198,199,Alberto Proulx,1968,M,17604
199,200,Scott Soders,1958,M,93402
200,201,David Pearsall,1971,M,E2A4H
201,202,Barbara Vanhoy,1957,F,60201
202,203,Suzanne Lee,1973,F,32301
203,204,Marilyn Robinson,1946,F,10960
204,205,John Sage,1951,M,06371
205,206,Mary Aranda,1984,F,53115
206,207,Chad Brammer,1959,M,92037
207,208,Gary Knott,1955,M,01720
208,209,Cory Harvey,1965,F,85710
209,210,Robert Figueroa,1959,M,03060
210,211,Charles Kline,1932,M,32605
211,212,Sharon Strickland,1949,F,61401
212,213,David Rice,1965,M,55345
213,214,Nadia Paschal,1972,F,11231
214,215,Gary Jean,1963,M,63033
215,216,William Irvin,1976,M,02215
216,217,William Ryan,1976,M,11727
217,218,Michael Randall,1961,M,06513
218,219,Raymond Cote,1966,M,43212
219,220,Darrell Avent,1968,M,78205
220,221,Steven Perez,1979,M,20685
221,222,Justin Winkler,1969,M,27502
222,223,Glenda Haley,1979,F,47906
223,224,Stacy Burgo,1967,F,43512
224,225,Jeannette Jarrette,1947,F,58202
225,226,Taylor Edwards,1970,M,92103
226,227,John Jones,1952,M,60659
227,228,Lisa Oneil,1977,F,22003
228,229,Florance Spraggins,1969,F,22903
229,230,Lee Wagner,1970,F,14476
230,231,Freeman Rudolph,1950,M,01080
231,232,Stephen Blair,1953,M,99709
232,233,Earl Hopkins,1960,M,98682
233,234,Austin Garcia,1938,M,94702
234,235,Jae Bence,1961,M,22973
235,236,Olga Magallan,1954,F,53214
236,237,Warren Dyckman,1949,M,63146
237,238,Rebecca Finnie,1956,F,44124
238,239,David Mohamed,1959,M,95628
239,240,Mary Woodward,1975,F,20784
240,241,Doreen Morgan,1972,F,20001
241,242,Michael Serra,1965,M,31404
242,243,Leonard Mcclain,1965,M,60201
243,244,William Smith,1970,M,80525
244,245,Tim Steele,1976,M,55109
245,246,Marlon Pursell,1979,M,28734
246,247,Richard Mcgehee,1970,M,20770
247,248,Nathan Cook,1973,M,37235
248,249,Brett Ellingsworth,1973,M,84103
249,250,Roy Verrastro,1969,M,95110
250,251,Corey Todd,1970,M,85032
251,252,Eugene Riddle,1956,M,07733
252,253,Michelle Hamel,1972,F,22903
253,254,Scott Johnson,1954,M,42647
254,255,Paul Hayden,1975,M,07029
255,256,Alexandra Poitier,1963,F,39042
256,257,Roger Bass,1981,M,77005
257,258,Marlene Watters,1979,F,77801
258,259,Allen Oliver,1977,M,48823
259,260,Christine Miller,1958,F,89801
260,261,Donald Dunn,1970,M,85202
261,262,Tamatha Thomas,1979,F,78264
262,263,Justin Pullon,1957,M,55346
263,264,Sandra Jackiewicz,1962,F,90064
264,265,Russel Gomez,1972,M,84601
265,266,Bobbie Evans,1936,F,78756
266,267,Michael Houston,1975,M,83716
267,268,Edward Tomlinson,1974,M,19422
268,269,Bertha Hargis,1967,F,43201
269,270,Charlotte Brockway,1980,F,63119
270,271,Royce Melcher,1947,M,22932
271,272,Ronald George,1965,M,53706
272,273,Betty Mccain,1948,F,10016
273,274,Beatrice Bass,1978,F,55414
274,275,Jarred Romiro,1960,M,92064
275,276,Kevin Benincase,1977,M,95064
276,277,Jacquline Stroman,1963,F,55406
277,278,Olivia Kalish,1961,F,30033
278,279,Louis Hare,1965,M,85251
279,280,Mary Cherry,1968,F,22903
280,281,Cleopatra Greene,1983,F,06059
281,282,Thomas Rathbum,1976,M,20057
282,283,Howard Hurdle,1970,M,55305
283,284,Robert Riley,1958,M,92629
284,285,Walter Swatzell,1973,M,53713
285,286,Brian Davis,1971,M,15217
286,287,Ray Northcutt,1977,M,31211
287,288,John Fontaine,1964,M,23226
288,289,Johnny Cortes,1987,M,94619
289,290,Luther Mcdowell,1958,M,93550
290,291,Ronald Sauls,1979,M,44106
291,292,Hazel Strauss,1963,F,94703
292,293,Mark Stanton,1974,M,60804
293,294,Felix Hawkins,1964,M,92110
294,295,Robert Peters,1967,M,50325
295,296,Michele Hollis,1955,F,16803
296,297,Dolores Klien,1969,F,98103
297,298,Joseph Hill,1954,M,01581
298,299,Everett Davis,1969,M,63108
299,300,Laura Innis,1972,F,55106
300,301,Steve Villani,1974,M,55439
301,302,Albert Weatherly,1956,M,77904
302,303,Miguel Hall,1979,M,14853
303,304,June Cradduck,1976,F,71701
304,305,Allen Duff,1975,M,94086
305,306,Nathaniel Vasquez,1953,M,73132
306,307,Randy Jackson,1973,M,55454
307,308,John Wayne,1938,M,95076
308,309,William Martinez,1958,M,70802
309,310,William Stelter,1961,M,91711
310,311,James Massey,1966,M,73071
311,312,Nick Wilson,1950,M,02110
312,313,Stanley Salazar,1957,M,60035
313,314,Mattie Bryant,1978,F,08043
314,315,Thomas Pearson,1967,M,18301
315,316,Tina Potter,1955,F,77009
316,317,David Odougherty,1976,M,13210
317,318,Russell Likes,1933,M,06518
318,319,Todd Baughman,1960,M,22030
319,320,Dean Barley,1979,M,24060
320,321,Sarah Becraft,1949,F,55413
321,322,Sam Engelbrecht,1978,M,50613
322,323,Samuel Adkison,1977,M,19149
323,324,Janet Moldrem,1977,F,02176
324,325,Jeffrey Choi,1950,M,02139
325,326,Mark Delgado,1957,M,15235
326,327,Ramon Hudson,1976,M,11101
327,328,Scott Jones,1947,M,06779
328,329,James Wilson,1950,M,01720
329,330,Gerri Horton,1963,F,33884
330,331,Alex Judy,1965,M,91344
331,332,Michael Field,1978,M,40504
332,333,Bruce Smith,1951,M,V0R2M
333,334,John Cherry,1966,M,30002
334,335,Ralph Sanchez,1953,M,33775
335,336,Todd Cheng,1975,M,42101
336,337,Ryan Hill,1961,M,10522
337,338,Maybelle Mcirvin,1959,F,59717
338,339,Timothy Stewart,1963,M,37901
339,340,Roy Jackson,1952,M,80123
340,341,Anna Cates,1981,F,44405
341,342,Jackie Jantzen,1973,F,98006
342,343,Walter Johnson,1955,M,30093
343,344,Latasha Killingsworth,1968,F,94117
344,345,Stacey Mendoza,1970,F,94143
345,346,Mark Vantassel,1964,M,76059
346,347,Keith Pye,1980,M,90210
347,348,Catherine Kent,1974,F,45660
348,349,Rico Black,1930,M,61455
349,350,Gene Lacy,1966,M,97301
350,351,Jose Waldron,1937,M,49938
351,352,Allison Moyer,1961,F,55105
352,353,Ryan Ponzi,1973,M,28480
353,354,Vernell Jimenez,1969,F,48197
354,355,Herbert Frasher,1973,M,60135
355,356,Holly Garcia,1966,F,92688
356,357,Herschel Lepe,1972,M,98133
357,358,Brian Hunter,1958,M,10022
358,359,Wesley Rivers,1976,M,61801
359,360,John Labine,1947,M,98027
360,361,Scott Locklear,1976,M,44074
361,362,Susan Michell,1963,F,85233
362,363,Perry Hanna,1978,M,87501
363,364,Larry Richards,1935,M,01810
364,365,Robert Zelaya,1969,M,20009
365,366,Janet Locher,1978,F,50670
366,367,Aaron Su,1981,M,37411
367,368,John Gronlund,1980,M,92113
368,369,Fred James,1974,M,91335
369,370,Andrew Johnson,1946,M,08534
370,371,Douglas Baez,1962,M,99206
371,372,Constance Bigham,1973,F,66046
372,373,Rose Cash,1974,F,55116
373,374,Johnny Heitmann,1962,M,78746
374,375,Michael Winebrenner,1981,M,37777
375,376,Mayra Bingham,1970,F,10010
376,377,Eric Maio,1976,M,18015
377,378,John Rush,1963,M,02859
378,379,Fred Hawkins,1954,M,98117
379,380,Earl Carter,1966,M,55117
380,381,Ernest Hazelhurst,1965,M,94608
381,382,Donald Bader,1953,M,01824
382,383,Jerry Mooney,1956,M,75204
383,384,Mark Jones,1946,M,45218
384,385,Jeremy Mincey,1962,M,10003
385,386,Robert Garcia,1962,M,43221
386,387,Bryan Robbins,1965,M,37412
387,388,William Campbell,1967,M,36106
388,389,Kathryn Byrd,1954,F,83702
389,390,Krystal Johnson,1956,F,85016
390,391,David Tignor,1975,M,84604
391,392,Jermaine Gasaway,1946,M,59801
392,393,Carl Massa,1979,M,83686
393,394,Howard Bosch,1973,M,96819
394,395,Albert Marchand,1955,M,44092
395,396,Monty Barrett,1941,M,94551
396,397,Raymond Witt,1981,M,27514
397,398,David Gilman,1958,M,60008
398,399,Oscar Fuentes,1973,M,92374
399,400,Mary Hayton,1965,F,78213
400,401,Adrienne Tyler,1952,F,84107
401,402,Clifford Morrow,1968,M,95129
402,403,Michael Henson,1961,M,06811
403,404,Oleta Piche,1969,F,55108
404,405,Melissa Harris,1976,F,10019
405,406,Michael Wheeler,1946,M,93109
406,407,Michael Schaeffer,1969,M,03261
407,408,Jesus Prokop,1975,M,61755
408,409,Joseph Stommes,1950,M,98225
409,410,Suzette Leinweber,1968,F,94025
410,411,Roger Anderson,1964,M,44691
411,412,Terrence Hilbert,1973,M,15222
412,413,Ronald Smith,1943,M,78212
413,414,Efren Tucker,1974,M,38115
414,415,Daniel Blue,1959,M,85711
415,416,Monica Morano,1978,F,92626
416,417,Elizabeth Luebke,1971,F,48103
417,418,Misty Atkinson,1943,F,21206
418,419,Joseph Johnson,1961,M,43215
419,420,Gerald Durrance,1945,M,02140
420,421,Gloria Porter,1960,F,55105
421,422,Isaac Landry,1972,M,94533
422,423,Horace Daniels,1934,M,91606
423,424,Nellie Peterson,1962,F,55422
424,425,Jason Aybar,1979,M,58644
425,426,Charles Bergmark,1943,M,01602
426,427,Eric Jones,1947,M,85258
427,428,Robert Johnson,1970,M,55414
428,429,John Watts,1971,M,29205
429,430,Ernest Hamilton,1960,M,98199
430,431,Michael Urban,1974,M,92629
431,432,Matthew Russell,1976,M,50311
432,433,Victor Sutch,1971,M,11211
433,434,Peggy Snavely,1982,F,49705
434,435,James Ivey,1974,M,60007
435,436,Faye Mann,1968,F,17345
436,437,Elsie Carella,1971,F,20009
437,438,Violet Hudson,1947,F,43204
438,439,Brandi Smith,1975,F,20817
439,440,Robert Anthony,1968,M,48076
440,441,Ralph Gochenour,1948,M,55013
441,442,Benjamin Lawson,1976,M,85282
442,443,Jimmy Pena,1963,M,33308
443,444,Jackeline Bermudez,1947,F,53202
444,445,Christopher Gladstone,1977,M,92653
445,446,Thomas Porter,1941,M,60201
446,447,Herbert Wilson,1968,M,55113
447,448,William Lewis,1975,M,10021
448,449,Jeremy Phanco,1975,M,55021
449,450,Courtney Villarreal,1963,F,11758
450,451,James Beaver,1982,M,48446
451,452,Keith Bangs,1963,M,28018
452,453,Jonathon Yow,1980,M,06333
453,454,Thomas Schenkel,1941,M,97330
454,455,Eric Rowe,1950,M,83709
455,456,Bernard Brown,1974,M,31820
456,457,Melissa Wolford,1965,F,30011
457,458,Steven Achee,1951,M,Y1A6B
458,459,Scott Peterson,1976,M,29201
459,460,Romona Henderson,1954,F,60630
460,461,Mark Posthuma,1983,M,98102
461,462,Jeanna Smith,1979,F,02918
462,463,Vickie Wilson,1950,F,75218
463,464,Jeff Smith,1938,M,94583
464,465,Jerald Bower,1966,M,05001
465,466,Ramon Plumley,1976,M,90804
466,467,John Jones,1969,M,91201
467,468,Frank Laprade,1970,M,02341
468,469,Michael Mccracken,1938,M,78628
469,470,Roger Lacour,1974,M,10021
470,471,James Harding,1988,M,77459
471,472,Johnny Chambliss,1974,M,87544
472,473,Joshua Vigor,1969,M,94708
473,474,Michael Puffinburger,1947,M,93711
474,475,Luke Mullenix,1968,M,75230
475,476,Matthew Butler,1970,M,60440
476,477,Kristin Williams,1975,F,02125
477,478,Joseph Martin,1969,M,10019
478,479,Bruce Switzer,1968,M,55409
479,480,Aaron Porch,1941,M,98257
480,481,Steven Scott,1925,M,37771
481,482,Debra Machenry,1980,F,40256
482,483,Joseph Anderson,1969,M,43212
483,484,Gary Carbonaro,1971,M,21208
484,485,Farah Castellano,1954,F,95821
485,486,Alan Mcknight,1959,M,93101
486,487,Daniel Martinez,1976,M,92121
487,488,Daniel Guillaume,1950,M,21012
488,489,James Thomas,1943,M,45218
489,490,Diane Ochwat,1969,F,V5A2B
490,491,Alisha Cooper,1955,F,53711
491,492,Jamar Rodriguez,1941,M,94618
492,493,Matthew Vang,1976,M,60090
493,494,Joan Martin,1960,F,49428
494,495,Robert Thielman,1969,M,03052
495,496,Esther Aldridge,1977,F,55414
496,497,Jack Brown,1978,M,50112
497,498,Paul Mccarthy,1972,M,55408
498,499,Walter Mcneil,1956,M,75006
499,500,Jerome Martin,1970,M,94305
500,501,William Johnson,1976,M,10025
501,502,Dennis Navarro,1976,M,23092
502,503,Lisa Sanders,1948,F,27514
503,504,Mary Fuentes,1958,F,92115
504,505,Susan Sears,1971,F,20657
505,506,William Hoover,1952,M,03869
506,507,Sandra Sigrist,1980,F,28450
507,508,Edward Gilbert,1971,M,19382
508,509,Donald Wallace,1975,M,10011
509,510,Henry Ratliff,1964,M,98038
510,511,Michael Thomas,1976,M,21250
511,512,Richard Rubino,1969,M,20090
512,513,Glen Lam,1955,M,26241
513,514,Ryan White,1971,M,20707
514,515,Derek Stonge,1945,M,49508
515,516,Eleanor Puentes,1945,F,10021
516,517,Nathaniel Lawson,1974,M,55454
517,518,Sheila Lambert,1949,F,99709
518,519,John Nelson,1976,M,55320
519,520,Ernest Reaves,1936,M,12603
520,521,Robert Smith,1979,M,02146
521,522,Craig Warfield,1962,M,55443
522,523,Tiffany James,1948,F,04102
523,524,Wallace Mccleese,1942,M,02159
524,525,Betty Barton,1971,F,19711
525,526,Nicholas Hoyt,1968,M,97124
526,527,Richard Gibson,1965,M,12180
527,528,Brady Rimmer,1980,M,55104
528,529,Georgetta Scott,1951,F,44224
529,530,Christopher Gonzales,1969,M,94040
530,531,Elizabeth Kirk,1968,F,97408
531,532,Frank Roberts,1978,M,92705
532,533,Christopher Valdes,1955,M,02324
533,534,Adam Norris,1978,M,05464
534,535,Rose Basinski,1953,F,80302
535,536,Daniel Merriweather,1960,M,30078
536,537,Juan Pauley,1962,M,22902
537,538,Jermaine Ledoux,1967,M,21010
538,539,Junita Albanese,1945,F,80303
539,540,David Haro,1970,M,91201
540,541,Nicole Lavoie,1979,F,84302
541,542,Ray Pauley,1977,M,60515
542,543,Brian Smith,1965,M,95123
543,544,Sandy Servoss,1954,F,29464
544,545,James Pitt,1971,M,08052
545,546,Simon Vaillancourt,1962,M,22911
546,547,Jason Smith,1948,M,14534
547,548,Kevin Smith,1947,M,95468
548,549,Paul Harris,1956,M,45680
549,550,Starla Hall,1982,F,95453
550,551,William Brown,1973,M,55414
551,552,Wilbert Cavazos,1953,M,68147
552,553,John Brown,1940,M,62901
553,554,Anthony Smith,1966,M,62901
554,555,Maxine Wu,1969,F,23227
555,556,Christi Renner,1963,F,30606
556,557,Kimberly Fields,1968,F,11217
557,558,Rose Mcfarlane,1942,F,63132
558,559,James Beach,1929,M,10022
559,560,Albert Crisci,1966,M,10003
560,561,David Roddy,1975,M,60005
561,562,Christine Meierhofer,1944,F,20879
562,563,April Patton,1959,F,32707
563,564,William Isaman,1933,M,94591
564,565,Dan Castaneda,1958,M,55422
565,566,Fredric Cyr,1978,M,14627
566,567,Samuel Cross,1974,M,10003
567,568,Leo Fisher,1959,M,01915
568,569,Robert Culver,1964,M,91903
569,570,Christian Brooks,1972,M,14627
570,571,Paul Rico,1964,M,01945
571,572,Juan Grey,1947,M,20003
572,573,Tyler Wendelin,1930,M,48911
573,574,David Eldred,1942,M,53188
574,575,Thomas Carson,1965,M,46032
575,576,Gary Williams,1950,M,98281
576,577,Flora Erlandson,1962,F,77845
577,578,Luis Quinnie,1967,M,M7A1A
578,579,Charlie Lee,1966,M,48103
579,580,James Floresca,1982,M,17961
580,581,Hugh Borges,1961,M,94131
581,582,Tom Brooks,1981,M,93003
582,583,Jeffery Rivera,1954,M,29631
583,584,Calvin Lamm,1973,M,27511
584,585,Dexter May,1929,M,98501
585,586,Michael Wooldridge,1978,M,79508
586,587,James Kerstetter,1972,M,14216
587,588,Michelle Freed,1980,F,93063
588,589,Jamie Lewis,1977,M,90034
589,590,Howard Hill,1948,M,82435
590,591,Lavera Moorehouse,1941,F,92093
591,592,Manuel Pryor,1980,M,97520
592,593,Linda Field,1967,F,68767
593,594,Mark Dodd,1952,M,M4J2K
594,595,Jesse Wake,1973,M,31909
595,596,Roy Sexton,1978,M,77073
596,597,Terrell Degasperis,1975,M,84116
597,598,Esther Mcgregor,1958,F,43085
598,599,Carolyn Vallarta,1976,F,R3T5K
599,600,David Burmeister,1964,M,02320
600,601,Mavis Stack,1979,F,99687
601,602,Dorothy Denis,1951,F,34656
602,603,Emanuel Reier,1977,M,47905
603,604,Nicholas Mccants,1959,M,11787
604,605,Robert Rippel,1965,M,33716
605,606,Andrew Liestman,1970,M,63044
606,607,Armida Kruse,1949,F,02154
607,608,Joshua Trudel,1976,M,10003
608,609,Lois Boles,1985,F,55106
609,610,Michael Bramble,1976,M,21227
610,611,Don Riffe,1952,M,77008
611,612,Joe Magelssen,1962,M,79070
612,613,Juliana Locklear,1961,F,29678
613,614,William Brock,1944,M,80227
614,615,Roger Reyes,1960,M,27705
615,616,Vance Eversole,1943,M,50613
616,617,Brittany Mathis,1971,F,11201
617,618,Jacqueline Abbott,1983,F,44212
618,619,Bernard Mcconnell,1981,M,44134
619,620,Beth Scerbo,1980,F,81648
620,621,Alan Floyd,1981,M,60402
621,622,Kenneth Schwartz,1973,M,14850
622,623,Ruth Smith,1948,F,60187
623,624,William Gray,1979,M,30067
624,625,Martin Kim,1971,M,20723
625,626,Ted Lozano,1975,M,19807
626,627,Mark Potter,1974,M,08034
627,628,Kyle Cook,1985,M,94306
628,629,Annie Maddox,1952,F,44224
629,630,Linda Russell,1972,F,55408
630,631,Maxine Snyder,1980,F,38866
631,632,Juan Bankhead,1980,M,55454
632,633,Martin Flath,1963,M,55414
633,634,Jack Powell,1959,M,T8H1N
634,635,John Taylor,1976,M,23237
635,636,Alexander Gentry,1951,M,48043
636,637,James Mckoy,1968,M,74101
637,638,Bob Yang,1953,M,01940
638,639,Maria Gary,1956,F,12065
639,640,Mike Larsen,1978,M,61801
640,641,Jose Paddick,1974,M,60626
641,642,Margaret Raymer,1980,F,95521
642,643,John Krausz,1959,M,55122
643,644,Jack Murgia,1947,M,63645
644,645,William Roshia,1971,M,53211
645,646,Pamela Tucker,1981,F,51250
646,647,Craig Clark,1958,M,45810
647,648,James Grosbier,1955,M,91351
648,649,Robert Cruz,1978,M,39762
649,650,Keith Powell,1956,M,83814
650,651,Juan Lowe,1933,M,02903
651,652,Ryan Middleton,1963,M,22911
652,653,Michael Beers,1967,M,55105
653,654,Judith Evans,1971,F,78739
654,655,Susan Hubbs,1948,F,60657
655,656,Ivan Akers,1950,M,10314
656,657,Kathleen Borgmeyer,1972,F,78704
657,658,Christian Becker,1965,M,92626
658,659,Robert Mattison,1967,M,54248
659,660,Timothy Rufino,1972,M,77380
660,661,George Tipton,1970,M,98121
661,662,Ronnie Bombard,1943,M,19102
662,663,Brent Durbin,1972,M,19341
663,664,Weston Munguia,1968,M,94115
664,665,Mario Handly,1973,M,55412
665,666,Robert Thomas,1954,M,61820
666,667,Josh Kunert,1963,M,01970
667,668,Sharon Mills,1969,F,10016
668,669,Patrick Huling,1961,M,20009
669,670,William Siefert,1968,M,21114
670,671,Juan Pruitt,1977,M,91919
671,672,Felecia Ramirez,1944,F,90095
672,673,Charles Cherry,1947,M,22906
673,674,Beatrice Conder,1985,F,55337
674,675,Anthony Postel,1964,M,28814
675,676,Brandon Weldon,1968,M,32712
676,677,Lloyd Deyoung,1978,M,99835
677,678,Manuel Gibson,1948,M,61462
678,679,Edith Englert,1978,F,54302
679,680,Shawn Pralle,1965,M,90405
680,681,Amber Ross,1954,F,97208
681,682,Mark Gervais,1975,M,55128
682,683,Vernon Flower,1956,M,23509
683,684,Timothy Coke,1970,M,55414
684,685,Janice Blalock,1966,F,55409
685,686,David Brokaw,1966,M,26506
686,687,Donna Bruce,1967,F,27713
687,688,Eleanor Smithson,1961,F,60476
688,689,Kevin Hernandez,1973,M,45439
689,690,James Gonzalez,1963,M,63304
690,691,Jonathan Johnson,1964,M,60089
691,692,James Maglio,1964,M,18053
692,693,Lisa Lawrence,1955,F,85210
693,694,Jeffrey Ramos,1938,M,06365
694,695,Jack Fess,1972,M,38115
695,696,George Lafountain,1943,M,94920
696,697,David Villegas,1973,M,77042
697,698,Mary Burrough,1970,F,06906
698,699,Ralph Smith,1954,M,96754
699,700,Ulysses Hare,1981,M,76309
700,701,Barbara Loepp,1947,F,56321
701,702,Antonio Jackson,1961,M,89104
702,703,Emanuel Collins,1972,M,49512
703,704,Rose Helbling,1947,F,91105
704,705,Michelle Llanes,1977,F,54494
705,706,Adam Lintz,1975,M,55454
706,707,Ruth Hawkins,1942,F,19146
707,708,Helen Roberts,1972,F,96349
708,709,Carlos Mielke,1977,M,N4T1A
709,710,Marc Puff,1979,M,92020
710,711,Odessa Sherrill,1976,F,15203
711,712,Betty Martinez,1976,F,54901
712,713,Megan Brockington,1956,F,07204
713,714,William Torres,1972,M,55343
714,715,Gene Siple,1977,M,91206
715,716,Cassie Curtis,1962,F,44265
716,717,Andy Perry,1974,M,84105
717,718,James Pickard,1956,M,64118
718,719,Shawna Smith,1961,F,V0R2H
719,720,Margaret English,1949,F,16506
720,721,Nancy Fisher,1974,F,11238
721,722,Melissa Carriaga,1948,F,17331
722,723,Robert Benauides,1972,M,94403
723,724,Jesse Allen,1967,M,40243
724,725,James Graham,1977,M,91711
725,726,Greta Gustason,1973,F,80538
726,727,Carlo Smith,1973,M,78741
727,728,Weldon Larsen,1940,M,94306
728,729,Daniel Palomares,1979,M,56567
729,730,Eva Vanner,1967,F,32114
730,731,Jackie Grajeda,1957,F,70403
731,732,Linda Cox,1970,F,98405
732,733,Penny Ereaux,1954,F,60630
733,734,Norma Black,1973,F,63108
734,735,Jean Brown,1969,F,85719
735,736,Erica Raman,1950,F,94618
736,737,Alfredo Malone,1968,M,98072
737,738,John Sanchez,1963,M,95403
738,739,John Wilusz,1963,M,73162
739,740,Jodi Thomas,1973,F,22206
740,741,Charles Risinger,1973,M,63108
741,742,Don Brasure,1963,M,29210
742,743,Michael Black,1967,M,92660
743,744,Horace Bond,1963,M,47024
744,745,Frederick Cloud,1956,M,55113
745,746,Joe Price,1973,M,19047
746,747,Rex Metz,1979,M,93612
747,748,Joseph Langley,1970,M,94720
748,749,Justin Petersen,1965,M,80919
749,750,Brock Vasquez,1970,M,32303
750,751,Norma Penix,1974,F,90034
751,752,Ralph Maugeri,1938,M,21201
752,753,Jacques Hopton,1942,M,91206
